time_s,x,y,dist,yaw_err,left,right
18.8,-0.0010145570424539474,-0.0021109312607234766,10.00101477982139,-0.9997934630617811,500000.0,-500000.0
18.900000000000002,0.002195733158175968,-0.00420632714888919,9.997805151695479,-0.9847415314253939,500000.0,-500000.0
19.0,0.010619297906677575,-0.010039820031484691,9.98938574734907,-0.9437578310591266,500000.0,-500000.0
19.1,0.022636725936564427,-0.019317534746872794,9.977381974735584,-0.8816648189247908,500000.0,-500000.0
19.200000000000003,0.036577300287664934,-0.031789908030399036,9.963473414999191,-0.8031857814360713,500000.0,-500000.0
19.3,0.0509219142094938,-0.04714763042251259,9.949189798984204,-0.7124518835961149,500000.0,-500000.0
19.400000000000002,0.06441731138407497,-0.06499497015568184,9.935795273075527,-0.6128075913913709,500000.0,-500000.0
19.5,0.0761102599972597,-0.0848722061918251,9.924252660181295,-0.5068199201375622,500000.0,-500000.0
19.6,0.08532094034118601,-0.10628382127743229,9.915248716330938,-0.39638971302661474,500000.0,-500000.0
19.700000000000003,0.09159162122330304,-0.12871266295215544,9.909244348093173,-0.2828931745428136,500000.0,-500000.0
19.8,0.09464179905161796,-0.1516310850900479,9.906518716232304,-0.16731404040623532,500000.0,500000.0
19.900000000000002,0.13158366517171327,-0.1655801305630448,9.869805354572248,-0.06500602344989495,500000.0,500000.0
20.0,0.23300893559979458,-0.16846647774944926,9.768443857964213,0.01613070653887083,500000.0,500000.0
20.1,0.3893695061043051,-0.16767320046696663,9.612093049505535,0.082253673785926,500000.0,500000.0
20.200000000000003,0.5897453947030072,-0.1676301401086272,9.411747531696019,0.1373699890234193,500000.0,500000.0
20.3,0.8247598693240812,-0.17057812868187236,9.176825614206171,0.18420517780320342,500000.0,500000.0
20.400000000000002,1.0872125892026105,-0.1776023918533418,8.914556749477814,0.22472767315743983,500000.0,500000.0
20.5,1.371409836356169,-0.18947054278091754,8.630670153511417,0.26043312126168106,500000.0,500000.0
20.6,1.6723702555141817,-0.20693759346685883,8.33020049751714,0.2925167231731155,500000.0,500000.0
20.700000000000003,1.9855102585030553,-0.23050122920300894,8.01780372877909,0.32194660990040364,-500000.0,500000.0
20.8,2.2795386919723004,-0.2481228090986276,7.724447406588239,0.3352354666008455,-500000.0,500000.0
20.900000000000002,2.5293411954588754,-0.24890323059403924,7.474804063791102,0.3176430822767342,-500000.0,500000.0
21.0,2.7466274020670363,-0.23784274719003282,7.257271058520255,0.2738311751482869,500000.0,500000.0
21.1,2.9674499627128816,-0.22859015564940777,7.036264171149834,0.22261875493372918,500000.0,500000.0
21.200000000000003,3.2227927264266194,-0.23054895988504476,6.781127579678767,0.1814214789665307,500000.0,500000.0
21.3,3.5011357156753653,-0.23911817077467584,6.503261834315528,0.1480529289465452,500000.0,500000.0
21.400000000000002,3.7939783908354467,-0.251556503491506,6.211117845272803,0.12093669348046872,500000.0,500000.0
21.5,4.096603357229449,-0.2663127855003867,5.909400512877393,0.09898448454405478,500000.0,500000.0
21.6,4.406909514671921,-0.2825121739285587,5.600220915775139,0.08143650272609146,500000.0,500000.0
21.700000000000003,4.723931355029237,-0.2995947780140019,5.284567851533073,0.06774667809001705,500000.0,500000.0
21.8,5.046843883581926,-0.31705678772590723,4.963293313945172,0.057514012809037535,500000.0,500000.0
21.900000000000002,5.374529586619492,-0.33434417675607175,4.637538417478516,0.05043712769429204,500000.0,500000.0
22.0,5.705494159593052,-0.35092866112771565,4.308820179409937,0.04630505501615092,500000.0,500000.0
22.1,6.038092827112307,-0.36647173259929655,3.978820174043215,0.04503401835270899,500000.0,500000.0
22.200000000000003,6.370984786248634,-0.38085544066744775,3.6489453665853735,0.04670256337263048,500000.0,500000.0
22.3,6.703466353070537,-0.39404354120608237,3.3200006623047975,0.051569445622625956,500000.0,500000.0
22.400000000000002,7.035547223889357,-0.4059237485592481,2.992115363991584,0.060112237260026166,500000.0,500000.0
22.5,7.367804312792866,-0.4162783431746669,2.664909340812194,0.07313788878401012,500000.0,500000.0
22.6,7.700957543664024,-0.4248975142500838,2.337976499807314,0.09202440777221316,500000.0,500000.0
22.700000000000003,8.035361000670688,-0.43169317831616166,2.011508239578051,0.11917909371022228,-500000.0,500000.0
22.8,8.336293299725305,-0.43625357855472807,1.719952664854681,0.13871579381725013,-500000.0,500000.0
22.900000000000002,8.586061904527025,-0.43889713108007467,1.4804903341461113,0.137850751805658,-500000.0,500000.0
23.0,8.799448978062431,-0.4405281518350532,1.2788228215177226,0.12320638636071063,-500000.0,500000.0
23.1,8.985643877588462,-0.44197280905057573,1.1064620675892274,0.1017435928723251,-500000.0,500000.0
23.200000000000003,9.150179788441964,-0.4439356827043237,0.958787402060905,0.08016095275022217,-500000.0,500000.0
23.3,9.296311712952393,-0.44707514424750433,0.8336986205649627,0.06446759625889387,-500000.0,500000.0
23.400000000000002,9.426235850549366,-0.45200662119117513,0.7304213063674085,0.05957955395620973,-500000.0,500000.0
23.6,9.645967423099627,-0.46901303345859613,11.709658157420915,-0.34513156719773846,500000.0,500000.0
23.700000000000003,9.76748444923927,-0.454886825611185,11.595695959138746,-0.44264511611291213,500000.0,-500000.0
23.8,9.905833373694504,-0.42437448339786105,11.459321027694331,-0.5068211722043314,500000.0,-500000.0
23.900000000000002,10.040727243049401,-0.4043200308894041,11.331098307031443,-0.5325866971173382,500000.0,-500000.0
24.0,10.172213261920307,-0.3911671303764801,11.20937443378652,-0.5268153462090428,500000.0,-500000.0
24.1,10.300276830941087,-0.3825967817453037,11.093104960795836,-0.4938252646311627,500000.0,-500000.0
24.200000000000003,10.424399377527529,-0.37729028444596185,10.982139048668621,-0.4380953562366854,500000.0,-500000.0
24.3,10.543688421362463,-0.3749253530099962,10.877115942321476,-0.364291181248917,500000.0,-500000.0
24.400000000000002,10.657102737065134,-0.3759180990923731,10.779156955620637,-0.27666667601456074,500000.0,500000.0
24.5,10.786062669955813,-0.35468266689629263,10.656888269337415,-0.19283275695528648,500000.0,500000.0
24.6,10.951664590578075,-0.291628127924193,10.482065727977341,-0.12539109217285993,500000.0,500000.0
24.700000000000003,11.147443841150068,-0.19890378322706567,10.266272502366405,-0.07004285049580894,500000.0,500000.0
24.8,11.366679640842133,-0.08555992712258546,10.019837333819586,-0.02388088943548783,500000.0,500000.0
24.900000000000002,11.604183632282597,0.042442205434017444,9.750236497998054,0.01512217273383265,500000.0,500000.0
25.0,11.856418947234248,0.1812343650733098,9.462474021486969,0.0484470602319818,500000.0,500000.0
25.1,12.120797925393402,0.32794318012508317,9.160236910725871,0.077227831605657,500000.0,500000.0
25.200000000000003,12.39500035269449,0.4800406578827382,8.846810277716486,0.102374468649585,500000.0,500000.0
25.3,12.676606934320855,0.635288719718964,8.525420256776197,0.12461503330345536,500000.0,500000.0
25.400000000000002,12.963161718088514,0.7918872430719913,8.199103974264215,0.14451774603984574,500000.0,500000.0
25.5,13.252610470030532,0.9485471562585105,7.87029450619242,0.1625381700068927,500000.0,500000.0
25.6,13.543713203436994,1.1044334821192465,7.540495852044969,0.17906938458149568,500000.0,500000.0
25.700000000000003,13.836092568305306,1.259061628882872,7.210296437941893,0.19446925891364436,500000.0,500000.0
25.8,14.130006214112672,1.4122355378175093,6.879598889648688,0.20907216194116243,500000.0,500000.0
25.900000000000002,14.425970433850114,1.5639620628460569,6.547989180647308,0.22319215338128173,500000.0,500000.0
26.0,14.724331033108854,1.7142682418801147,6.215200417889666,0.23712302984293837,-500000.0,500000.0
26.1,14.991211697096041,1.8559964202351424,5.913773649107798,0.2342484843398189,-500000.0,500000.0
26.200000000000003,15.209147320085647,1.9854448895983705,5.66037206500519,0.20230975099402593,-325798.22460253636,500000.0
26.3,15.398123155140699,2.106776204472729,5.43580853473128,0.14930405456830814,500000.0,500000.0
26.400000000000002,15.598077643360272,2.2318770044122713,5.199944745147417,0.09516036243159448,500000.0,500000.0
26.5,15.826809481955081,2.3683275134740174,4.933682111388802,0.05096774549276817,500000.0,500000.0
26.6,16.073137777416072,2.513003855425697,4.648160575785247,0.014405983686667788,500000.0,500000.0
26.700000000000003,16.330072781942167,2.6631158164039275,4.350792281111934,-0.016042254042408666,500000.0,500000.0
26.8,16.594296746716687,2.8172366138002247,4.045153971057079,-0.04143187142165583,500000.0,500000.0
26.900000000000002,16.864520344849762,2.975258826739679,3.7323999633689633,-0.06259400992298736,500000.0,500000.0
27.0,17.139983671109718,3.13770752485199,3.4128912470970922,-0.08026156072108592,500000.0,500000.0
27.1,17.419674635817838,3.304963400270874,3.087268705419579,-0.09508935669137308,500000.0,-500000.0
27.200000000000003,17.677840500365697,3.4523412307365144,2.7906401430173693,-0.0902954949914867,500000.0,-500000.0
27.3,17.90145111977811,3.565851853895298,2.5417884073337236,-0.052684502703184366,500000.0,500000.0
27.400000000000002,18.122041009436348,3.675557242402726,2.298016228922399,-0.0008851355350212308,500000.0,500000.0
27.5,18.364634414079845,3.80478293423795,2.025577555637112,0.04754950521822954,500000.0,500000.0
27.6,18.621136961206076,3.9459824644773387,1.735573750936928,0.09610000146989683,-500000.0,500000.0
27.700000000000003,18.856578833421253,4.080266745049919,1.4674199209637897,0.1305085936381989,-500000.0,500000.0
27.8,19.048430125106368,4.196647018552572,1.2453357939148597,0.13475356356980506,-500000.0,500000.0
27.900000000000002,19.209507277129703,4.301039639143044,1.0551892394069338,0.11333910339027253,-500000.0,500000.0
28.0,19.348952284013755,4.396797309961527,0.8875340071008863,0.07224791297589828,-500000.0,500000.0
28.1,19.472642084183867,4.485188480386101,0.7369784746524877,0.01855990619750969,500000.0,500000.0
51.300000000000004,22.8025467383421,6.235556942967789,12.512791830222625,-2.342694644103691,500000.0,-500000.0
51.400000000000006,22.806048595074078,6.234885256365141,12.510228336341275,-2.3291665781337265,500000.0,-500000.0
51.5,22.815845499548974,6.232713508023465,12.50281974690656,-2.290241224843534,500000.0,-500000.0
51.6,22.830335119687344,6.2287132366368985,12.491223677980456,-2.230582964462414,500000.0,-500000.0
51.7,22.847871740175105,6.222487135833529,12.476064358894108,-2.1547825153618483,500000.0,-500000.0
51.800000000000004,22.866920631807766,6.213746621737096,12.457987049518701,-2.0668576016382567,500000.0,-500000.0
51.900000000000006,22.88616088254204,6.202381756720825,12.437656551736142,-1.9700544300886316,500000.0,-500000.0
52.0,22.904528651806984,6.188453717433047,12.415728041693862,-1.86685543208262,500000.0,-500000.0
52.1,22.921201297967222,6.172159942376206,12.392829739699648,-1.7590884552791182,500000.0,-500000.0
52.2,22.935552845977664,6.15380406571387,12.36956549749755,-1.6480654752780604,500000.0,-500000.0
52.300000000000004,22.947117392923506,6.133769352671961,12.346515069539082,-1.534713472320382,500000.0,-500000.0
52.400000000000006,22.955569408977865,6.112484272353466,12.324217642930714,-1.4196823743259281,500000.0,-500000.0
52.5,22.960705572032797,6.090387137877406,12.303153198910104,-1.3034271206084638,500000.0,-500000.0
52.6,22.962419163919108,6.067909110285456,12.283742828525103,-1.1862673079192194,500000.0,-500000.0
52.7,22.960677186374028,6.045478736840729,12.266364935332483,-1.068430003711486,500000.0,-500000.0
52.800000000000004,22.955511248563347,6.023528047856102,12.251364670732624,-0.950080202323925,500000.0,-500000.0
52.900000000000006,22.94701707361215,6.002482583753819,12.239045142420915,-0.8313416291940015,500000.0,-500000.0
53.0,22.935350011960615,5.982741739691931,12.229652983420763,-0.7123102027810795,500000.0,-500000.0
53.1,22.92071453470094,5.964668480880817,12.22337517353755,-0.5930628629469006,500000.0,-500000.0
53.2,22.90335616754404,5.948593738355078,12.220346601286442,-0.4736639358580749,500000.0,-500000.0
53.300000000000004,22.883559549090332,5.934822089187914,12.22065524573701,-0.35416967560023715,500000.0,-500000.0
53.400000000000006,22.861645994225242,5.923626735998232,12.224339062181622,-0.23463076930564342,500000.0,-500000.0
53.5,22.837965089407156,5.915238202176737,12.23138147007343,-0.11509320718863725,500000.0,-500000.0
53.6,22.8128850940054,5.909838614426286,12.241712381686808,0.004401282330656953,500000.0,500000.0
53.7,22.81074922788945,5.8776038784732165,12.216889335846556,0.1098857407283359,500000.0,500000.0
53.800000000000004,22.846511909888658,5.791123638002087,12.12594301281381,0.19448237340536234,500000.0,500000.0
53.900000000000006,22.909419723179422,5.655405286060288,11.97928127644217,0.2644308247317627,500000.0,500000.0
54.0,22.990750044793877,5.478289082774131,11.788449807807314,0.3237277816055507,500000.0,500000.0
54.1,23.084387411530958,5.267365452299971,11.563293644125556,0.3750756292395572,500000.0,500000.0
54.2,23.186181501755964,5.0288492192319945,11.311420810430437,0.4204250264920808,500000.0,500000.0
54.300000000000004,23.292928964371384,4.767759464140726,11.03894958308976,0.4612469550704792,500000.0,500000.0
54.400000000000006,23.401772857933512,4.488472838642195,10.751314921937185,0.4986909825800584,500000.0,500000.0
54.5,23.5102866562559,4.195092378721595,10.453512250901655,0.5336617533993152,500000.0,500000.0
54.6,23.616830913999177,3.891487491691703,10.149897655247722,0.5668363410751253,500000.0,500000.0
54.7,23.720551015806905,3.581002342729926,9.843936004747304,0.5987205465621351,-500000.0,500000.0
54.800000000000004,23.82176105510536,3.298131773750042,9.562079472961557,0.6138412829621329,-500000.0,500000.0
54.900000000000006,23.921041798955383,3.0652198300907747,9.3204647983647,0.5983150226104569,-500000.0,500000.0
55.0,24.017837542187102,2.86792624254437,9.107945901502472,0.5571837489082505,-500000.0,500000.0
55.1,24.11123483170358,2.697156528101605,8.917929174939387,0.4956294395884525,500000.0,500000.0
55.2,24.20533562138849,2.514373607430805,8.71866955205553,0.43360767360062247,500000.0,500000.0
55.300000000000004,24.306528765604664,2.292519743042141,8.485954242951248,0.3861423028433375,500000.0,500000.0
55.400000000000006,24.414362434477674,2.045671082543407,8.231007584231456,0.3497369930252795,500000.0,500000.0
55.5,24.52718522678453,1.7834132130624203,7.962384688957857,0.32207681664491905,500000.0,500000.0
55.6,24.643632115430137,1.5105852946503842,7.6848700187100425,0.30165454267640857,500000.0,500000.0
55.7,24.76339878513162,1.2290864491650624,7.400360624753544,0.2874394474528432,500000.0,500000.0
55.800000000000004,24.887084314275942,0.9398691901429319,7.109445437236754,0.27867365257794907,500000.0,500000.0
55.900000000000006,25.015458228330264,0.6441975809978875,6.812798826096885,0.2747366417415643,500000.0,500000.0
56.0,25.14868236021821,0.3438714208049134,6.511873905608405,0.2751443754100257,500000.0,500000.0
56.1,25.286019886039956,0.040952864935810226,6.20893779735662,0.2795938616096644,500000.0,500000.0
56.2,25.42632566210235,-0.26259027108962774,5.906498830178282,0.28791261151384706,500000.0,500000.0
56.300000000000004,25.568842715699077,-0.5652671348281865,5.606473466744002,0.2999985503097353,500000.0,500000.0
56.400000000000006,25.713494624624804,-0.8662809813079521,5.309832692395561,0.31584545033431943,500000.0,500000.0
56.5,25.860641118901285,-1.1655828300636295,5.016793063278663,0.33560380677257495,500000.0,500000.0
56.6,26.010748339382246,-1.4637596158475537,4.727223719895987,0.35962799681753777,-500000.0,500000.0
56.7,26.146510250968763,-1.7318995401492314,4.471427394229285,0.36999500026327725,-500000.0,500000.0
56.800000000000004,26.25873338753158,-1.955934266209662,4.263247657552485,0.35364987558324046,-500000.0,500000.0
56.900000000000006,26.354648372779128,-2.14921893577903,4.088273356046629,0.31615046556558,500000.0,500000.0
57.0,26.461794092059275,-2.3470646636774344,3.905265198811784,0.28043616331101745,500000.0,500000.0
57.1,26.598812445784848,-2.567673063016696,3.6904792687882724,0.2618060683163062,500000.0,500000.0
57.2,26.758679463789512,-2.80032369831488,3.456209201898046,0.2575571536678947,500000.0,500000.0
57.300000000000004,26.935736936078552,-3.0384200613797394,3.2115952583210428,0.26645589279422094,500000.0,500000.0
57.400000000000006,27.126986907987725,-3.278814410926024,2.9621466676655146,0.2885112887992308,-500000.0,500000.0
57.50000000000001,27.307357245112883,-3.5024421048976544,2.7382273215393864,0.30764639074148326,-500000.0,500000.0
57.6,27.455711202786922,-3.6950214033953612,2.56250218107437,0.3062239603538163,-500000.0,500000.0
57.7,27.58353512254492,-3.865727893572043,2.4201924515497932,0.2891305476044716,-500000.0,500000.0
57.800000000000004,27.697903771055156,-4.0198845028584556,2.3021821041733426,0.2605082074222043,-500000.0,500000.0
57.900000000000006,27.801835277782793,-4.160102189695098,2.203987490242496,0.22334350928763674,500000.0,500000.0
58.00000000000001,27.92874107573342,-4.294690302012913,2.0921175649218213,0.19766220953488234,500000.0,500000.0
58.1,28.106145369095216,-4.425296312935012,1.9410209470264894,0.2003344626440362,500000.0,500000.0
58.2,28.321959258900257,-4.546234679235336,1.764707639692735,0.23001651799302578,-500000.0,500000.0
58.300000000000004,28.531903951634536,-4.655581731694866,1.6078225692402535,0.2666185934441164,-500000.0,500000.0
58.400000000000006,28.70992592775827,-4.755975791715444,1.495256001335608,0.2926466191919946,-500000.0,500000.0
58.50000000000001,28.867526231256356,-4.8490284402041,1.4153961032756308,0.3105881512881504,-500000.0,500000.0
58.6,29.012473641515175,-4.934168860055701,1.3593674145719643,0.3215279010861799,-500000.0,500000.0
58.7,29.14803249680071,-5.010542317258361,1.321758072219546,0.32526997165329263,-500000.0,500000.0
58.800000000000004,29.273696316983163,-5.078725744019709,1.3004484883203555,0.3204971490257249,-500000.0,500000.0
58.900000000000006,29.387322954029365,-5.141137382406883,1.295209515169548,0.30521464087153694,-500000.0,500000.0
59.00000000000001,29.487751836334972,-5.200998295409316,1.3056780180252234,0.2779813034515233,-500000.0,500000.0
59.1,29.575848162774424,-5.261161689372056,1.330576411846238,0.2388086739329216,-500000.0,500000.0
59.2,29.654161331712725,-5.323151680581818,1.3676018259380924,0.18902683176045243,-500000.0,500000.0
59.300000000000004,29.725905085128037,-5.386312758451906,1.4131493504245052,0.1305314658900989,500000.0,500000.0
59.400000000000006,29.807540053518483,-5.413084079140894,1.426130234488119,0.0849985847669803,500000.0,500000.0
59.50000000000001,29.9045689047961,-5.37023800786374,1.373557167403748,0.06635585839660507,500000.0,-500000.0
59.6,30.006583278716317,-5.300906934229243,1.300923591562696,0.08589484677531045,500000.0,500000.0
59.7,30.10867158782588,-5.203744060978283,1.2086394327263559,0.13647517318584024,500000.0,500000.0
59.800000000000004,30.20808150181954,-5.050570032765159,1.0709786669881254,0.2118253698271888,-500000.0,500000.0
59.900000000000006,30.299166066176515,-4.8874091094607826,0.9364802521705996,0.30024166430335186,-500000.0,500000.0
60.00000000000001,30.379767407595477,-4.745783531009096,0.8369088116373156,0.3836404846485893,-500000.0,500000.0
60.1,30.451785273001878,-4.6193587277818295,0.7666258321899334,0.4640365163300449,-500000.0,500000.0
60.2,30.516714425543118,-4.503520927757835,0.7214756560373086,0.5411291850837849,-500000.0,500000.0
60.50000000000001,30.680797103691194,-4.206612822220667,0.7114587512289858,0.7030389482354105,-500000.0,500000.0
60.6,30.728741989035832,-4.127258485709512,0.7397699701724713,0.7116557211417578,-500000.0,500000.0
60.7,30.776007086180734,-4.058024993908041,0.7781734367869033,0.694762952210557,-500000.0,500000.0
60.800000000000004,30.824134794688902,-3.996782490957097,0.824141075412068,0.656810079033683,-500000.0,500000.0
60.900000000000006,30.87329888524457,-3.9409670460381814,0.8752918556817867,0.6030074671863378,-500000.0,500000.0
61.00000000000001,30.922443184525466,-3.8890575844464097,0.9290907642670597,0.5372517842432869,-500000.0,500000.0
61.1,30.970605217512094,-3.8408851929728454,0.9835608827505234,0.4617655490706867,-500000.0,500000.0
61.2,31.017971850696124,-3.7966347970342285,1.0380867471396609,0.37802317827201676,-500000.0,500000.0
61.300000000000004,31.065665153044613,-3.75586106332551,1.0932730851960768,0.287583673773739,-500000.0,500000.0
61.400000000000006,31.114729876643043,-3.7175092766543223,1.1499668285028826,0.19211674487583208,-500000.0,500000.0
61.50000000000001,31.165456325406236,-3.6806088629979725,1.2084283780286087,0.09300086888813784,-500000.0,500000.0
61.6,31.217407566286553,-3.6446592284185173,1.2682067049183552,-0.008825477782840705,-500000.0,500000.0
61.7,31.269729564438418,-3.609443780059238,1.3284379276968084,-0.1126740998598903,500000.0,-500000.0
61.800000000000004,31.31800926940714,-3.5685724416102307,1.3868230501333962,-0.18524239645317753,500000.0,-500000.0
61.900000000000006,31.358079849658942,-3.5197837790611235,1.4404820362998183,-0.20873182428565903,500000.0,-500000.0
62.00000000000001,31.390279072284315,-3.466265548926711,1.4892106510142347,-0.1946736116391694,500000.0,-500000.0
62.1,31.415962569187304,-3.4095581460510274,1.53413545041962,-0.14940492772807534,500000.0,-500000.0
62.2,31.436954885219382,-3.3504296845689803,1.576953054737205,-0.0780744885055773,500000.0,500000.0
62.300000000000004,31.423224656552716,-3.310204038552747,1.5815773428601383,-0.0035181462320195145,500000.0,500000.0
62.400000000000006,31.348492765027814,-3.3039820022519746,1.5175222537154205,0.061882211158625015,-500000.0,500000.0
62.50000000000001,31.254545114785113,-3.3141042893959716,1.4298029132912682,0.1052331401129578,-500000.0,500000.0
62.6,31.1743302920032,-3.3280364004176235,1.352991764158241,0.11361538378431568,-500000.0,500000.0
62.7,31.10428674641876,-3.345960484854416,1.2834394826745843,0.09133031481670706,-500000.0,500000.0
62.800000000000004,31.04099684306407,-3.3675200605167994,1.218074423472571,0.043789467613310595,-500000.0,500000.0
62.900000000000006,30.982197519791153,-3.3915493078433094,1.1553892039784035,-0.023121389127232828,500000.0,500000.0
63.00000000000001,30.89451780092388,-3.4346820220713155,1.058180755985984,-0.0881158830582871,500000.0,-500000.0
63.1,30.78403005544557,-3.4868346491893454,0.9370388493091442,-0.11874033759071255,500000.0,-500000.0
63.2,30.679928314667432,-3.5251782937562086,0.8293118628156477,-0.10095873756805628,500000.0,-500000.0
63.300000000000004,30.58167936459534,-3.551783524489922,0.7343356808127444,-0.037041655822508616,500000.0,500000.0
64.0,29.135420853593878,-4.360368125128283,0.936676190584992,2.9718241485379275,-500000.0,500000.0
64.10000000000001,28.894036041744403,-4.511446649556373,1.21849659511335,3.0075865971853712,-500000.0,500000.0
64.2,28.696152089761288,-4.643403564621718,1.453955817761252,3.0029315425478993,-500000.0,500000.0
64.3,28.529079533536077,-4.761715111469138,1.656447080260304,2.969511876743845,-500000.0,500000.0
64.4,28.38447422335128,-4.868752717430093,1.834299544528816,2.914105016271912,-500000.0,500000.0
64.5,28.257407207664546,-4.965322002947026,1.9921034634960941,2.841904416837297,-500000.0,500000.0
64.60000000000001,28.145411231838203,-5.051620403603535,2.1319955375814352,2.7571037801440452,-500000.0,500000.0
64.7,28.047071579337263,-5.1276084368860255,2.2550898437021965,2.662900942477643,-500000.0,500000.0
64.8,27.960528784702127,-5.193256358777125,2.3629015163122276,2.5615056835286643,-500000.0,500000.0
64.9,27.882944902450227,-5.249057676735884,2.4580617091265884,2.454401604656505,-500000.0,500000.0
65.0,27.811367180746657,-5.296480718654709,2.5438112884717423,2.3428527372401535,-500000.0,500000.0
65.10000000000001,27.744000910160274,-5.337609345107974,2.6227334316468105,2.228172943475654,-500000.0,500000.0
65.2,27.680509049754683,-5.374130859209408,2.6959736435101713,2.1115166361020306,-500000.0,500000.0
65.3,27.62108831361827,-5.406613181432209,2.763653642152433,1.9935495582445748,-500000.0,500000.0
65.4,27.56538174407503,-5.434674473490165,2.8258904608932434,1.874404682399616,-500000.0,500000.0
65.5,27.512301084137498,-5.457739668982962,2.8833402224694233,1.7539439288867953,-500000.0,500000.0
65.60000000000001,27.46063610151712,-5.475575857362161,2.9369530332894738,1.6320581305254538,-500000.0,500000.0
65.7,27.40958430334656,-5.488417777499481,2.9875811222199515,1.5088214560459936,-500000.0,500000.0
65.8,27.358782913543802,-5.496960580908323,3.035937858155458,1.3844910778636623,-500000.0,500000.0
65.9,27.30807944207771,-5.502248857726037,3.082724107133793,1.2594218741163037,-500000.0,500000.0
66.0,27.25742503578794,-5.505394476658299,3.1285667588651678,1.133975843839187,-500000.0,500000.0
66.10000000000001,27.206855934247653,-5.507147155656274,3.173822036732739,1.0084081369861078,-500000.0,500000.0
66.2,27.156346178928338,-5.507691594508703,3.218617870802258,0.8827891227358997,-500000.0,500000.0
66.3,27.105623297549933,-5.506946762223405,3.263174074403836,0.7570692644185417,-500000.0,500000.0
66.4,27.05424916124696,-5.5050894174182545,3.307981583751435,0.6312435932383587,-500000.0,500000.0
66.5,27.001959878691988,-5.502729908454326,3.353571491221815,0.5054430341195314,-500000.0,500000.0
66.60000000000001,26.94889802768927,-5.500567888632019,3.400136355182241,0.3798687876953407,-500000.0,500000.0
66.7,26.895471729472877,-5.49897977772894,3.4474680791187073,0.25466637872138526,-500000.0,500000.0
66.8,26.842015356653903,-5.4980040349552795,3.495265811973687,0.12987998973725845,-500000.0,500000.0
66.9,26.788619373906386,-5.4976741527643735,3.5434437195344164,0.005519990176798384,-500000.0,500000.0
67.0,26.735229173086367,-5.498281930011125,3.592154965207402,-0.11835588683521651,-500000.0,500000.0
67.10000000000001,26.681806756312504,-5.500311523956108,3.6416124273965296,-0.24164456294291314,-500000.0,500000.0
67.2,26.62838365165683,-5.504211101160663,3.6919436395034406,-0.3642523977923226,-500000.0,500000.0
67.3,26.575061045023322,-5.510287105547665,3.7431502757036466,-0.48611943560064186,500000.0,500000.0
67.4,26.545489733662517,-5.492269430218834,3.7630452073549034,-0.5983896262472171,500000.0,500000.0
67.5,26.557907175661114,-5.4202157742698125,3.7235756816331866,-0.6982150271588097,500000.0,-500000.0
67.60000000000001,26.589939493123783,-5.3292032764181165,3.659958197930345,-0.7725104666528031,500000.0,-500000.0
67.7,26.625796996808013,-5.253323012731101,3.599453358635334,-0.8073071620365793,500000.0,-500000.0
67.8,26.665996080251627,-5.188461227627641,3.5394946286824216,-0.8090279525962227,500000.0,-500000.0
67.9,26.710158570810442,-5.13081285196525,3.478763334201074,-0.7827827444683021,500000.0,-500000.0
68.0,26.75687004210139,-5.077828000343753,3.417543726442202,-0.7340511782773657,500000.0,-500000.0
68.10000000000001,26.80457651270354,-5.028875830364042,3.3569803004297123,-0.667863295073503,500000.0,-500000.0
68.2,26.851968141683955,-4.9851105255742745,3.298567466123741,-0.5881297060894521,500000.0,-500000.0
68.3,26.897598717867663,-4.948179296949192,3.2440619128708743,-0.49779856728668176,500000.0,500000.0
68.4,26.96430655766794,-4.890221331254697,3.1635310484391903,-0.4196437941327838,500000.0,500000.0
68.5,27.07187380772525,-4.792228722472221,3.033405569091511,-0.3681693909295995,500000.0,500000.0
68.60000000000001,27.214992230874635,-4.664318003752653,2.863142798429472,-0.3384152818387782,500000.0,500000.0
68.7,27.38816993471632,-4.515025446027567,2.662124621420952,-0.32777449844713613,-500000.0,500000.0
68.80000000000001,27.554430774101423,-4.364839135682458,2.4726335016713836,-0.3464473183201917,500000.0,500000.0
68.9,27.724435010950046,-4.211744304582717,2.285395298392192,-0.39024000063238845,500000.0,500000.0
69.0,27.92686612704791,-4.044470201542082,2.0736107768832923,-0.45115330243790286,500000.0,500000.0
69.10000000000001,28.15336662987628,-3.867467048411414,1.8513832090929383,-0.5347866804640811,500000.0,-500000.0
69.2,28.36686024425323,-3.703932183173039,1.659759504856444,-0.6190818688707009,500000.0,-500000.0
69.30000000000001,28.546196033964524,-3.5672336178689705,1.5168496013656925,-0.6812899385405393,500000.0,-500000.0
69.4,28.70002434312846,-3.450294480516865,1.4114222850050269,-0.7247371517934982,500000.0,-500000.0
69.5,28.834195626283996,-3.3472677057567966,1.3360985314427074,-0.7528656974283275,500000.0,-500000.0
69.60000000000001,28.952876427103842,-3.2540877772055743,1.2856332373694048,-0.7681393551381438,500000.0,-500000.0
69.7,29.0589289560063,-3.168780834952572,1.255603444637491,-0.7714347172588413,500000.0,-500000.0
69.80000000000001,29.153929519345876,-3.0906890279690553,1.2420473831904166,-0.7624787189615533,500000.0,-500000.0
69.9,29.2385755449768,-3.0190411195437603,1.2417920622444547,-0.7410009454890149,500000.0,-500000.0
70.0,29.31347112059317,-2.95233480963777,1.2525670654125964,-0.7074546310520591,500000.0,-500000.0
70.10000000000001,29.379578825354745,-2.8889010483460216,1.2725813586230028,-0.6628908520473372,500000.0,-500000.0
70.2,29.438087457166944,-2.827716964762609,1.2999973924968085,-0.6085014539477809,500000.0,-500000.0
70.30000000000001,29.490062731536828,-2.768533984167031,1.3328707986594979,-0.5453668901833412,500000.0,-500000.0
70.4,29.536317703898312,-2.711264622389981,1.3696131370652707,-0.474523599403779,500000.0,-500000.0
70.5,29.577560552777474,-2.6554596717122023,1.4093416125843772,-0.3970888754407441,500000.0,-500000.0
70.60000000000001,29.614471654219273,-2.6004123831127113,1.4517154000508035,-0.31416228897762943,500000.0,500000.0
70.7,29.668373933934607,-2.5740169846126184,1.4640366825552213,-0.2486132718294638,-500000.0,500000.0
70.80000000000001,29.743276520257638,-2.5744700528579036,1.4484621414624461,-0.22736848759722394,-500000.0,500000.0
70.9,29.820962115741406,-2.568010037532523,1.4431388764105137,-0.24841307251080225,-500000.0,500000.0
71.0,29.900510177580514,-2.55706070877196,1.4463651070648582,-0.3029671493039032,500000.0,500000.0
71.10000000000001,29.991410372238665,-2.577520779986543,1.422505153971391,-0.3786604072725188,500000.0,-500000.0
71.2,30.08715947072023,-2.631115271473502,1.3716567257624241,-0.4454222930731102,500000.0,-500000.0
71.30000000000001,30.17008934462339,-2.68222215738533,1.3287094594532651,-0.479546620378559,500000.0,-500000.0
71.4,30.241708277613945,-2.7308695372873926,1.2919423450186223,-0.48567365001829205,500000.0,-500000.0
71.5,30.304265307500323,-2.7766205697034474,1.2606484870180839,-0.46938455008439517,500000.0,-500000.0
71.60000000000001,30.360196512853708,-2.818922258266604,1.23478182683826,-0.4360932397157944,500000.0,-500000.0
71.7,30.411115716161763,-2.8573564777843083,1.2143518233760269,-0.3899198266847643,500000.0,-500000.0
71.80000000000001,30.45760200380294,-2.8915003835955413,1.1992376717954194,-0.3333903560465723,500000.0,-500000.0
71.9,30.50005772161434,-2.920848262917421,1.18938059366818,-0.2681653727033717,500000.0,500000.0
72.0,30.535548443695486,-2.980114034692891,1.151945969989509,-0.21951111966407266,500000.0,500000.0
72.10000000000001,30.556605293940414,-3.1015159321188652,1.0569215077188687,-0.21150348326664314,-500000.0,500000.0
72.2,30.57634000294622,-3.2416179893736623,0.9525287780627401,-0.25592114274002586,500000.0,500000.0
72.30000000000001,30.588294834891055,-3.401234917729229,0.8394107674471522,-0.35191119441794605,500000.0,-500000.0
72.4,30.58834009642458,-3.5706281062687006,0.7283572558760483,-0.4741972320365315,500000.0,-500000.0
73.2,30.592136901363137,-4.443574882689528,0.7398545711888017,-0.9728502493959772,500000.0,-500000.0
73.30000000000001,30.603357709264976,-4.513709402404659,0.792425312220926,-0.9189875187816611,500000.0,-500000.0
73.4,30.617350496701025,-4.579711696197382,0.8468691082363604,-0.8504730612322497,500000.0,-500000.0
73.5,30.63308022199017,-4.64195925052172,0.9016109176388288,-0.7711223086809267,500000.0,-500000.0
73.60000000000001,30.650248834701205,-4.700526127867019,0.9558035377914411,-0.683269099191163,500000.0,-500000.0
73.7,30.669286672449477,-4.755915424267178,1.0096300206330637,-0.5885023979020341,500000.0,-500000.0
73.80000000000001,30.690786180999016,-4.80910616020306,1.0638789058618205,-0.4881717523649898,500000.0,-500000.0
